{"products":[{"id":"0.700490955901035","qty":2}],"totalPrice":40.66000000000001}